﻿<?xml version="1.0" encoding="utf-8" ?>
<c2eventsheet>
    <!--All the 'name' attributes are ignored by Construct 2 - they are there for readability only.-->
    <name>event-faseUnica</name>
    <events>
        <variable constant="0" name="hpBoss" sid="706319501362726" static="0" type="number">5</variable>
        <variable constant="0" name="multBoss" sid="689968159812702" static="0" type="number">5</variable>
        <variable constant="0" name="atualDestroy" sid="590326910768161" static="0" type="number">0</variable>
        <variable constant="0" name="navesDestroy" sid="782795630313794" static="0" type="number">5</variable>
        <variable constant="0" name="barraBossHp" sid="333222488287527" static="0" type="number">50</variable>
        <include>limiteHpBar</include>
        <variable constant="0" name="tamFFuelBar" sid="344300437197115" static="0" type="number">0</variable>
        <variable constant="0" name="fuelXmaxTamFuelBar" sid="697044896603940" static="0" type="number">0</variable>
        <variable constant="1" name="fuelmax" sid="739573038926504" static="0" type="number">100</variable>
        <variable constant="0" name="fuel" sid="177251868289876" static="0" type="number">100</variable>
        <variable constant="0" name="tamFinalHpBar" sid="168950736286359" static="0" type="number">0</variable>
        <variable constant="0" name="hpXmaxTamBar" sid="892665351637215" static="0" type="number">0</variable>
        <variable constant="0" name="hp" sid="412812613433139" static="0" type="number">100</variable>
        <variable constant="0" name="hpMax" sid="230964829082396" static="0" type="number">100</variable>
        <variable constant="0" name="scorePlayer" sid="450548267175368" static="0" type="number">0</variable>
        <comment>Controlador de Barras</comment>
        <event-group description="" sid="465810597648550" title="Barras ">
            <sub-events>
                <event-block sid="335784794589025">
                    <conditions />
                    <actions>
                        <action id="-9" name="Set value" sid="365058775800057" type="System">
                            <param id="0" name="Variable">hpXmaxTamBar</param>
                            <param id="1" name="Value">hp*319</param>
                        </action>
                        <action id="-9" name="Set value" sid="273750527386985" type="System">
                            <param id="0" name="Variable">tamFinalHpBar</param>
                            <param id="1" name="Value">hpXmaxTamBar/hpMax</param>
                        </action>
                        <action id="-5" name="Set width" sid="144753097162513" type="hpbar">
                            <param id="0" name="Width">tamFinalHpBar</param>
                        </action>
                        <action id="0" name="Set text" sid="358274938645201" type="hpAtual">
                            <param id="0" name="Text">hp</param>
                        </action>
                        <action id="0" name="Set text" sid="333238868923842" type="hpMax">
                            <param id="0" name="Text">hpMax</param>
                        </action>
                        <action id="-9" name="Set value" sid="847223331894768" type="System">
                            <param id="0" name="Variable">fuelXmaxTamFuelBar</param>
                            <param id="1" name="Value">fuel*319</param>
                        </action>
                        <action id="-9" name="Set value" sid="173813269523790" type="System">
                            <param id="0" name="Variable">tamFFuelBar</param>
                            <param id="1" name="Value">fuelXmaxTamFuelBar/FUELMAX</param>
                        </action>
                        <action id="0" name="Set text" sid="264817968820461" type="fuel">
                            <param id="0" name="Text">fuel</param>
                        </action>
                        <action id="0" name="Set text" sid="450701236328198" type="maxFuel">
                            <param id="0" name="Text">FUELMAX</param>
                        </action>
                        <action id="-5" name="Set width" sid="491300408636058" type="maxFuelBar">
                            <param id="0" name="Width">tamFFuelBar</param>
                        </action>
                    </actions>
                </event-block>
            </sub-events>
        </event-group>
        <event-block sid="846412399385305">
            <conditions>
                <condition id="0" name="On key pressed" sid="677973237129799" type="Keyboard">
                    <param id="0" name="Key">70</param>
                </condition>
            </conditions>
            <actions>
                <action id="-16" name="Wait" sid="457162271035702" type="System">
                    <param id="0" name="Seconds">0.2</param>
                </action>
                <action id="0" name="Spawn another object" sid="891846620117289" type="navePlayer">
                    <param id="0" name="Object">laser</param>
                    <param id="1" name="Layer">0</param>
                    <param id="2" name="Image point">0</param>
                </action>
                <action id="0" name="Play" sid="562786702410347" type="Audio">
                    <param id="0" name="Audio file">Lazer Fire</param>
                    <param id="2" name="Loop">0</param>
                    <param id="3" name="Volume">0</param>
                    <param id="1" name="Tag (optional)">&quot;&quot;</param>
                </action>
            </actions>
        </event-block>
        <event-block sid="704674021408243">
            <conditions>
                <condition id="0" name="On collision with another object" sid="441180150358371" type="enemyNave">
                    <param id="0" name="Object">laser</param>
                </condition>
            </conditions>
            <actions>
                <action id="-9" name="Destroy" sid="184296137517866" type="enemyNave" />
                <action id="-9" name="Destroy" sid="636774236327545" type="laser" />
                <action id="0" name="Spawn another object" sid="813172832517544" type="enemyNave">
                    <param id="0" name="Object">Explosão</param>
                    <param id="1" name="Layer">0</param>
                    <param id="2" name="Image point">0</param>
                </action>
                <action id="0" name="Play" sid="653992482871017" type="Audio">
                    <param id="0" name="Audio file">Explosion-Convert</param>
                    <param id="2" name="Loop">0</param>
                    <param id="3" name="Volume">0</param>
                    <param id="1" name="Tag (optional)">&quot;&quot;</param>
                </action>
                <action id="-10" name="Add to" sid="587347463436480" type="System">
                    <param id="0" name="Variable">scorePlayer</param>
                    <param id="1" name="Value">5</param>
                </action>
                <action id="-10" name="Add to" sid="675778271292663" type="System">
                    <param id="0" name="Variable">atualDestroy</param>
                    <param id="1" name="Value">1</param>
                </action>
            </actions>
        </event-block>
        <event-block sid="722765042942270">
            <conditions>
                <condition id="-6" name="Every X seconds" sid="417513808189640" type="System">
                    <param id="0" name="Interval (seconds)">random(0.5,2)</param>
                </condition>
            </conditions>
            <actions>
                <action id="-3" name="Create object" sid="316921537857020" type="System">
                    <param id="0" name="Object to create">enemyNave</param>
                    <param id="1" name="Layer">0</param>
                    <param id="2" name="X">-47</param>
                    <param id="3" name="Y">random(102,441)</param>
                </action>
            </actions>
        </event-block>
        <event-group description="" sid="666267716186779" title="Destroy Comands">
            <sub-events>
                <event-block sid="990712298810288">
                    <conditions>
                        <condition id="0" name="On collision with another object" sid="173077803559626" type="basea">
                            <param id="0" name="Object">Void</param>
                        </condition>
                    </conditions>
                    <actions>
                        <action id="-9" name="Destroy" sid="960595579516914" type="basea" />
                    </actions>
                </event-block>
                <event-block sid="716571013501554">
                    <conditions>
                        <condition id="0" name="On collision with another object" sid="325652948571120" type="fuelCharge">
                            <param id="0" name="Object">Void</param>
                        </condition>
                    </conditions>
                    <actions>
                        <action id="-9" name="Destroy" sid="400712197095710" type="fuelCharge" />
                    </actions>
                </event-block>
                <event-block sid="756921710232781">
                    <conditions>
                        <condition id="0" name="On collision with another object" sid="324770808241267" type="enemyNave">
                            <param id="0" name="Object">Void</param>
                        </condition>
                    </conditions>
                    <actions>
                        <action id="-9" name="Destroy" sid="266132262597291" type="enemyNave" />
                    </actions>
                </event-block>
                <event-block sid="370532093455491">
                    <conditions>
                        <condition id="-4" name="Is outside layout" sid="575536854988147" type="barraBoss" />
                    </conditions>
                    <actions>
                        <action id="-9" name="Destroy" sid="620848116399360" type="barraBoss" />
                    </actions>
                </event-block>
            </sub-events>
        </event-group>
        <event-block sid="205949135741675">
            <conditions>
                <condition id="-1" name="Every tick" sid="723003407201226" type="System" />
            </conditions>
            <actions>
                <action id="0" name="Set text" sid="632765071365156" type="showScore">
                    <param id="0" name="Text">&quot;Score:&quot;&amp;scorePlayer</param>
                </action>
            </actions>
        </event-block>
        <event-block sid="446027883852959">
            <conditions>
                <condition id="0" name="On key pressed" sid="237108469580793" type="Keyboard">
                    <param id="0" name="Key">81</param>
                </condition>
            </conditions>
            <actions>
                <action id="-11" name="Subtract from" sid="113599933465088" type="System">
                    <param id="0" name="Variable">hp</param>
                    <param id="1" name="Value">10</param>
                </action>
            </actions>
        </event-block>
        <event-block sid="118110136454587">
            <conditions>
                <condition id="0" name="On key pressed" sid="672159992019972" type="Keyboard">
                    <param id="0" name="Key">87</param>
                </condition>
            </conditions>
            <actions>
                <action id="-10" name="Add to" sid="515398637249960" type="System">
                    <param id="0" name="Variable">hp</param>
                    <param id="1" name="Value">10</param>
                </action>
            </actions>
        </event-block>
        <event-block sid="156646555341982">
            <conditions>
                <condition id="0" name="On collision with another object" sid="430424700030909" type="enemyNave">
                    <param id="0" name="Object">navePlayer</param>
                </condition>
            </conditions>
            <actions>
                <action id="-11" name="Subtract from" sid="775862225996303" type="System">
                    <param id="0" name="Variable">hp</param>
                    <param id="1" name="Value">10</param>
                </action>
                <action id="-9" name="Destroy" sid="651990838239581" type="enemyNave" />
                <action id="0" name="Play" sid="996585573558959" type="Audio">
                    <param id="0" name="Audio file">Explosion-Convert</param>
                    <param id="2" name="Loop">0</param>
                    <param id="3" name="Volume">0</param>
                    <param id="1" name="Tag (optional)">&quot;&quot;</param>
                </action>
            </actions>
        </event-block>
        <event-block sid="452117320988187">
            <conditions>
                <condition id="-6" name="Every X seconds" sid="320968579024832" type="System">
                    <param id="0" name="Interval (seconds)">8</param>
                </condition>
            </conditions>
            <actions>
                <action id="-3" name="Create object" sid="876306501673374" type="System">
                    <param id="0" name="Object to create">fuelCharge</param>
                    <param id="1" name="Layer">0</param>
                    <param id="2" name="X">-47</param>
                    <param id="3" name="Y">random(102,441)</param>
                </action>
            </actions>
        </event-block>
        <event-block sid="973244546804405">
            <conditions>
                <condition id="1" name="Is overlapping another object" sid="120389796104893" type="fuelCharge">
                    <param id="0" name="Object">navePlayer</param>
                </condition>
            </conditions>
            <actions>
                <action id="-10" name="Add to" sid="196980350867202" type="System">
                    <param id="0" name="Variable">fuel</param>
                    <param id="1" name="Value">10</param>
                </action>
                <action id="-9" name="Destroy" sid="132571806199859" type="fuelCharge" />
            </actions>
        </event-block>
        <event-block sid="387858559523112">
            <conditions>
                <condition id="-6" name="Every X seconds" sid="799324871576672" type="System">
                    <param id="0" name="Interval (seconds)">1</param>
                </condition>
            </conditions>
            <actions>
                <action id="-11" name="Subtract from" sid="666040117437609" type="System">
                    <param id="0" name="Variable">fuel</param>
                    <param id="1" name="Value">1</param>
                </action>
            </actions>
        </event-block>
        <event-group description="Criação e Gerencia do Boss" sid="305600217558281" title="Boss" />
        <event-block sid="888158133995261">
            <conditions>
                <condition id="0" name="On collision with another object" sid="700129855236004" type="navePlayer">
                    <param id="0" name="Object">barraBoss</param>
                </condition>
            </conditions>
            <actions>
                <action id="-9" name="Destroy" sid="168160509377990" type="navePlayer" />
                <action id="0" name="Spawn another object" sid="165886736297750" type="navePlayer">
                    <param id="0" name="Object">Explosão</param>
                    <param id="1" name="Layer">0</param>
                    <param id="2" name="Image point">0</param>
                </action>
                <action id="-9" name="Set value" sid="934642936491331" type="System">
                    <param id="0" name="Variable">hp</param>
                    <param id="1" name="Value">0</param>
                </action>
            </actions>
        </event-block>
        <event-block sid="132196374476223">
            <conditions>
                <condition id="-14" name="Compare variable" sid="696061081235952" type="System">
                    <param id="0" name="Variable">atualDestroy</param>
                    <param id="1" name="Comparison">0</param>
                    <param id="2" name="Value">navesDestroy</param>
                </condition>
            </conditions>
            <actions>
                <action id="-3" name="Create object" sid="225425128100568" type="System">
                    <param id="0" name="Object to create">barraBoss</param>
                    <param id="1" name="Layer">0</param>
                    <param id="2" name="X">0.715</param>
                    <param id="3" name="Y">64.123</param>
                </action>
                <action id="-3" name="Create object" sid="813024081730468" type="System">
                    <param id="0" name="Object to create">basea</param>
                    <param id="1" name="Layer">0</param>
                    <param id="2" name="X">-73.778</param>
                    <param id="3" name="Y">261.856</param>
                </action>
                <action id="-9" name="Set value" sid="228533565139062" type="System">
                    <param id="0" name="Variable">navesDestroy</param>
                    <param id="1" name="Value">-1</param>
                </action>
                <action id="-9" name="Set value" sid="744232756991188" type="System">
                    <param id="0" name="Variable">multBoss</param>
                    <param id="1" name="Value">multBoss*2</param>
                </action>
            </actions>
        </event-block>
        <event-block sid="463896367289973">
            <conditions>
                <condition id="0" name="On collision with another object" sid="285547032360334" type="laser">
                    <param id="0" name="Object">barraBoss</param>
                </condition>
            </conditions>
            <actions>
                <action id="-11" name="Subtract from" sid="341950717990076" type="System">
                    <param id="0" name="Variable">barraBossHp</param>
                    <param id="1" name="Value">5</param>
                </action>
                <action id="-9" name="Destroy" sid="669736744360829" type="laser" />
            </actions>
        </event-block>
        <event-block sid="178034865049186">
            <conditions>
                <condition id="-14" name="Compare variable" sid="895896423733276" type="System">
                    <param id="0" name="Variable">barraBossHp</param>
                    <param id="1" name="Comparison">0</param>
                    <param id="2" name="Value">0</param>
                </condition>
            </conditions>
            <actions>
                <action id="-9" name="Destroy" sid="412862588123574" type="barraBoss" />
            </actions>
        </event-block>
        <event-block sid="715379483828325">
            <conditions>
                <condition id="0" name="On collision with another object" sid="569813128600684" type="laser">
                    <param id="0" name="Object">basea</param>
                </condition>
            </conditions>
            <actions>
                <action id="-11" name="Subtract from" sid="606116508184025" type="System">
                    <param id="0" name="Variable">hpBoss</param>
                    <param id="1" name="Value">1</param>
                </action>
                <action id="-10" name="Add to" sid="674761201500705" type="System">
                    <param id="0" name="Variable">scorePlayer</param>
                    <param id="1" name="Value">25</param>
                </action>
                <action id="-9" name="Destroy" sid="564534200449540" type="laser" />
            </actions>
        </event-block>
        <event-block sid="285263523480451">
            <conditions>
                <condition id="-14" name="Compare variable" sid="268819097754229" type="System">
                    <param id="0" name="Variable">hpBoss</param>
                    <param id="1" name="Comparison">0</param>
                    <param id="2" name="Value">0</param>
                </condition>
            </conditions>
            <actions>
                <action id="-9" name="Destroy" sid="643049140916210" type="basea" />
                <action id="-9" name="Set value" sid="671253025999488" type="System">
                    <param id="0" name="Variable">navesDestroy</param>
                    <param id="1" name="Value">multBoss</param>
                </action>
                <action id="-9" name="Set value" sid="858024897686751" type="System">
                    <param id="0" name="Variable">barraBossHp</param>
                    <param id="1" name="Value">50</param>
                </action>
                <action id="-9" name="Set value" sid="173607120936628" type="System">
                    <param id="0" name="Variable">hpBoss</param>
                    <param id="1" name="Value">50</param>
                </action>
                <action id="-10" name="Add to" sid="551399470687318" type="System">
                    <param id="0" name="Variable">scorePlayer</param>
                    <param id="1" name="Value">25</param>
                </action>
            </actions>
        </event-block>
    </events>
</c2eventsheet>
