﻿<?xml version="1.0" encoding="utf-8" ?>
<c2eventsheet>
    <!--All the 'name' attributes are ignored by Construct 2 - they are there for readability only.-->
    <name>limiteHpBar</name>
    <events>
        <event-block sid="178350474552976">
            <conditions>
                <condition id="-14" name="Compare variable" sid="257518364694164" type="System">
                    <param id="0" name="Variable">hp</param>
                    <param id="1" name="Comparison">4</param>
                    <param id="2" name="Value">hpMax</param>
                </condition>
            </conditions>
            <actions>
                <action id="-9" name="Set value" sid="184961541038100" type="System">
                    <param id="0" name="Variable">hp</param>
                    <param id="1" name="Value">hpMax</param>
                </action>
            </actions>
        </event-block>
        <event-block sid="339965579586381">
            <conditions>
                <condition id="-14" name="Compare variable" sid="806811098731675" type="System">
                    <param id="0" name="Variable">hp</param>
                    <param id="1" name="Comparison">2</param>
                    <param id="2" name="Value">0</param>
                </condition>
            </conditions>
            <actions>
                <action id="-9" name="Set value" sid="338039455051888" type="System">
                    <param id="0" name="Variable">hp</param>
                    <param id="1" name="Value">0</param>
                </action>
            </actions>
        </event-block>
        <event-block sid="313129989579999">
            <conditions>
                <condition id="-14" name="Compare variable" sid="383446953722651" type="System">
                    <param id="0" name="Variable">hp</param>
                    <param id="1" name="Comparison">0</param>
                    <param id="2" name="Value">0</param>
                </condition>
            </conditions>
            <actions>
                <action id="-2" name="Go to layout" sid="998282314312148" type="System">
                    <param id="0" name="Layout">telaGameOver</param>
                </action>
                <action id="33" name="Stop all" sid="983417767352092" type="Audio" />
            </actions>
        </event-block>
        <event-block sid="401497669984779">
            <conditions>
                <condition id="-8" name="Compare two values" sid="385889034192864" type="System">
                    <param id="0" name="First value">fuel</param>
                    <param id="1" name="Comparison">4</param>
                    <param id="2" name="Second value">FUELMAX</param>
                </condition>
            </conditions>
            <actions>
                <action id="-9" name="Set value" sid="898071149474580" type="System">
                    <param id="0" name="Variable">fuel</param>
                    <param id="1" name="Value">FUELMAX</param>
                </action>
            </actions>
        </event-block>
        <event-block sid="530366108741131">
            <conditions>
                <condition id="-14" name="Compare variable" sid="666628787188752" type="System">
                    <param id="0" name="Variable">fuel</param>
                    <param id="1" name="Comparison">2</param>
                    <param id="2" name="Value">0</param>
                </condition>
            </conditions>
            <actions>
                <action id="-9" name="Set value" sid="103166926095273" type="System">
                    <param id="0" name="Variable">fuel</param>
                    <param id="1" name="Value">0</param>
                </action>
            </actions>
        </event-block>
        <event-block sid="348012815582292">
            <conditions>
                <condition id="-14" name="Compare variable" sid="421527857128746" type="System">
                    <param id="0" name="Variable">fuel</param>
                    <param id="1" name="Comparison">0</param>
                    <param id="2" name="Value">0</param>
                </condition>
            </conditions>
            <actions>
                <action id="-2" name="Go to layout" sid="756622567611256" type="System">
                    <param id="0" name="Layout">telaGameOver</param>
                </action>
                <action id="33" name="Stop all" sid="712921230469361" type="Audio" />
            </actions>
        </event-block>
    </events>
</c2eventsheet>
