﻿<?xml version="1.0" encoding="utf-8" ?>
<c2eventsheet>
    <!--All the 'name' attributes are ignored by Construct 2 - they are there for readability only.-->
    <name>event-Instrucoes</name>
    <events>
        <event-block sid="159030355825773">
            <conditions>
                <condition id="0" name="On key pressed" sid="617789625273126" type="Keyboard">
                    <param id="0" name="Key">32</param>
                </condition>
            </conditions>
            <actions>
                <action id="-2" name="Go to layout" sid="454966480875121" type="System">
                    <param id="0" name="Layout">faseUnica</param>
                </action>
            </actions>
        </event-block>
    </events>
</c2eventsheet>
