﻿<?xml version="1.0" encoding="utf-8" ?>
<c2eventsheet>
    <!--All the 'name' attributes are ignored by Construct 2 - they are there for readability only.-->
    <name>event-telaInicial</name>
    <events>
        <event-block sid="607504946254267">
            <conditions>
                <condition id="0" name="On key pressed" sid="804410805045022" type="Keyboard">
                    <param id="0" name="Key">32</param>
                </condition>
            </conditions>
            <actions>
                <action id="-2" name="Go to layout" sid="917643512119338" type="System">
                    <param id="0" name="Layout">telaInstrucoes</param>
                </action>
                <action id="-9" name="Set value" sid="782516025436740" type="System">
                    <param id="0" name="Variable">scorePlayer</param>
                    <param id="1" name="Value">0</param>
                </action>
            </actions>
        </event-block>
    </events>
</c2eventsheet>
